month_num,avg_monthly_precip_mm,avg_monthly_temp_c,n_years
6,125.11111111111111,31.492962962962963,9
7,192.2111111111111,29.336559139784946,9
8,157.9888888888889,28.94516129032258,9
9,216.77777777777777,28.307037037037034,9
10,123.08888888888889,27.64516129032258,9
11,94.74444444444445,25.822222222222223,9
