{
  "pretrain": {
    "train_loss": [
      0.03778547439691298,
      0.02596031899758131,
      0.02238836420153666,
      0.02071490214500813,
      0.01967145919070872,
      0.018217376286045455,
      0.017304650550648937,
      0.017181528078115713,
      0.01682481282866188,
      0.015752308981825495,
      0.01597126736593607,
      0.014907203803526718,
      0.015464695158180889,
      0.014592429299266225,
      0.013890623024503565,
      0.014054320893306351,
      0.013900125991541138,
      0.01338762344172152,
      0.013281075164178788,
      0.013252261941331066,
      0.012694038537103854,
      0.012475659393675809,
      0.012902500953232416,
      0.012454550691498542,
      0.012197549024995008,
      0.011877382026455455,
      0.012135645447672401,
      0.012181987660992957,
      0.011902735370718101,
      0.012272326887400932
    ],
    "val_loss": [
      0.14249110732227563,
      0.07631351983174682,
      0.15239708751440048,
      0.06636404991149902,
      0.08031440772116184,
      0.07926078401505947,
      0.06633837247267366,
      0.0493075199611485,
      0.12158469866961241,
      0.08146859871223569,
      0.06323872486129403,
      0.05653219193220139,
      0.07766851969063282,
      0.08921623232774437,
      0.08913664413616061,
      0.08277104437351226,
      0.07580904567614198,
      0.07615667274221778,
      0.07806992214173078,
      0.06526284790597855,
      0.0891709485463798,
      0.05708039162680507,
      0.07031074807047843,
      0.06571231025271118,
      0.07614503163844347,
      0.07080552119761706,
      0.08376660022884608,
      0.0698366416990757,
      0.07052529646083712,
      0.06454516189172864
    ]
  },
  "finetune": {
    "train_loss": [
      0.5875208427333157,
      0.40994226450738974,
      0.37298825572741745,
      0.3637373892741785,
      0.34932120823607427,
      0.3417825992400149,
      0.32388980323350053,
      0.31753704388866155,
      0.3006146435392198,
      0.3035830179156979,
      0.2924299593159251,
      0.29206882606099227,
      0.27953988849432226,
      0.28712987580563704,
      0.2735580238957919,
      0.2663311317642038,
      0.26197884874188015,
      0.26192834147321253,
      0.25336467631345505,
      0.25232104949205586,
      0.24809407747544795,
      0.24253489341020795,
      0.2383474618880993,
      0.22956384731581692,
      0.23722148206177113,
      0.22868526809233447,
      0.2226483736239874,
      0.21490513280613263,
      0.22509778219245558,
      0.21579644467036632,
      0.21659792971537306,
      0.20085382678088579,
      0.2165498977968002,
      0.19912356074715146,
      0.201258698787685,
      0.19706631095770602,
      0.1876234362895729,
      0.19285346756527996,
      0.18015310520062702,
      0.18834750133800213,
      0.193420081159146,
      0.1781926911469062,
      0.18290131465390377,
      0.17998323496760202,
      0.18731136087249214,
      0.17853053011882117,
      0.1811539249152419,
      0.18305369546182795,
      0.17526700235442538,
      0.18040233461824723
    ],
    "val_loss": [
      0.6304982143640518,
      2.176495024561882,
      0.4699246348440647,
      0.6671703392267228,
      0.6895692610740661,
      0.900207102894783,
      0.9692575746774673,
      1.1940037670731545,
      1.9081825774908066,
      1.020791853517294,
      0.8445754872262478,
      1.1235144549608231,
      0.4043663217127323,
      0.9762607480585576,
      0.544427832365036,
      0.5578535838425159,
      0.4589056561514735,
      0.728874596580863,
      1.2624534575641155,
      0.5560612734407187,
      1.1560279962420463,
      0.5209719449281692,
      3.546890445947647,
      0.9637371350079775,
      1.7782302403450012,
      0.6018048753589391,
      0.6686831995844841,
      2.245741943120956,
      0.5657539115101099,
      0.6727291771769524,
      2.379226603806019,
      2.49376240670681,
      4.325070382356643,
      2.1985749574005604,
      1.7576665544509888,
      0.5278426463901996,
      1.7118103432655334,
      1.0242033703625202,
      0.6524534928053618,
      0.7046384883671999,
      0.9305875533819199,
      0.9855728163197637,
      1.8678540056943893,
      0.8459807379543781,
      3.709746755361557,
      1.6046082471311092,
      0.9299690555036068,
      1.6469570168852805,
      0.6071039018779993,
      1.1098851735889912
    ],
    "val_acc": [
      0.7483547477279849,
      0.6518332811031025,
      0.8304606706361642,
      0.7264180507677844,
      0.7912879974929489,
      0.795675336884989,
      0.7718583516139141,
      0.7602632403635224,
      0.6931996239423378,
      0.6380445001566907,
      0.7981823879661548,
      0.77875274208712,
      0.8379818238796616,
      0.8003760576621749,
      0.8016295832027578,
      0.8458163585083046,
      0.8517706048260734,
      0.8326543403321842,
      0.7978690065810091,
      0.8110310247571294,
      0.652460043873394,
      0.8436226888122845,
      0.6881855217800062,
      0.8342212472579129,
      0.7806330303979944,
      0.8307740520213099,
      0.8439360701974302,
      0.7530554685051708,
      0.8147916013788781,
      0.8113444061422751,
      0.7543089940457537,
      0.7612033845189595,
      0.6988404888749609,
      0.7834534628643058,
      0.7903478533375118,
      0.7953619554998433,
      0.7922281416483861,
      0.8279536195549985,
      0.8176120338451895,
      0.8398621121905359,
      0.8301472892510184,
      0.8251331870886869,
      0.7643371983704168,
      0.8267000940144156,
      0.6953932936383579,
      0.8066436853650893,
      0.8288937637104355,
      0.8006894390473206,
      0.8260733312441241,
      0.8279536195549985
    ]
  },
  "config": {
    "batch_size": 32,
    "lr_pretrain": 0.001,
    "lr_finetune": 0.0005,
    "pretrain_epochs": 30,
    "finetune_epochs": 50,
    "n_patches": 21275,
    "n_bands": 9,
    "n_aux_features": 20,
    "model_params": 328070,
    "device": "cuda"
  },
  "total_time_minutes": 32.5
}