{
  "pretrain": {
    "train_loss": [
      0.03946143639514177,
      0.02587371950725574,
      0.022433388722375984,
      0.021730025165612305,
      0.019411948705322434,
      0.02061274611718571,
      0.019474110446784765,
      0.017687079113292717,
      0.018018850719378504,
      0.0167368943539741,
      0.016191500864343802,
      0.01587849685571785,
      0.01544679166517112,
      0.015579418892982044,
      0.015163175373374362,
      0.01498985789632326,
      0.014049886456812492,
      0.014725829488614265,
      0.014199975094973527,
      0.013248557288219408,
      0.013898454376993299,
      0.01340838502508394,
      0.013252184833251862,
      0.013291024841127963,
      0.013476634384939191,
      0.012754892094501757,
      0.0126592470238367,
      0.012372591538937243,
      0.012213796253362177,
      0.01250510079360011
    ],
    "val_loss": [
      0.05574960781261325,
      0.05782257629558444,
      0.08869644366204739,
      0.05903638996183872,
      0.08228490926325321,
      0.061287973327562216,
      0.054130008667707445,
      0.06792576954700053,
      0.08733093692921103,
      0.0657839628867805,
      0.08687419708818198,
      0.10009591961279511,
      0.07847908737137914,
      0.10585433289408684,
      0.05615460936911404,
      0.06379840197041631,
      0.09422848679125309,
      0.07642214858904481,
      0.08481546832248568,
      0.07027680315077305,
      0.0735717780329287,
      0.0824783743917942,
      0.07553217304870487,
      0.08114748561754823,
      0.08596102014183998,
      0.06483899180777371,
      0.07216826826334,
      0.06416267799213529,
      0.07756241256371141,
      0.06289508533664048
    ]
  },
  "finetune": {
    "train_loss": [
      0.5753502384512669,
      0.41062940035818324,
      0.37822598220234205,
      0.353381659835577,
      0.32729704691222195,
      0.3329433086772479,
      0.3225447522614533,
      0.32014884789188003,
      0.2960156257932367,
      0.29212381661780734,
      0.2819641583168043,
      0.27807188987100084,
      0.28045355772119107,
      0.27583827053331655,
      0.26671731588512976,
      0.2605877301586601,
      0.2715823871376447,
      0.2540501167688374,
      0.244024502679495,
      0.2354947174619554,
      0.24816389768236308,
      0.2313988820876755,
      0.23316609363858143,
      0.22428359859376198,
      0.22391548496095115,
      0.22448124532512137,
      0.21952078063633332,
      0.21587290895885586,
      0.21187484511848895,
      0.21058738815463263,
      0.2142216074856347,
      0.2118882419798168,
      0.1948686358140446,
      0.19965728940672567,
      0.2088851353561657,
      0.1920498360850101,
      0.1916854291390825,
      0.19100513640304126,
      0.18840623427472034,
      0.1939501426225469,
      0.18936071259236167,
      0.18793755074034943,
      0.18484060148389306,
      0.18266323229541523,
      0.1873611418411873,
      0.18564465973368277,
      0.17453329171656298,
      0.1817315123883132,
      0.18647648262307576,
      0.17863745773507303
    ],
    "val_loss": [
      1.8653580808639527,
      1.0245883768796922,
      0.5982263694703579,
      0.9152442196011543,
      0.5523994405567646,
      0.5804423804581166,
      0.6599438634514808,
      1.0216921982169151,
      0.6064602430164814,
      0.9757499447464943,
      0.4951837379485369,
      0.5083747467398644,
      0.5118207359313964,
      0.6893140490353108,
      1.038369584530592,
      0.6753808038681746,
      0.8331598499417305,
      0.9165707948803902,
      0.5105577257275581,
      1.1844863510131836,
      0.735769165456295,
      0.6255454556643962,
      0.5726595933735371,
      0.6223512904345989,
      0.6704691155999899,
      0.4863941217958927,
      0.6866180717945098,
      0.7329315000772476,
      0.7986381810903549,
      0.6282808113843202,
      0.5922266431525349,
      0.8046539965271949,
      0.7319465254247188,
      0.5742212636768818,
      0.7385638117790222,
      0.8026210059225559,
      0.5538818246871233,
      0.6168149395287037,
      0.6410139853134751,
      0.6121203291416168,
      0.6888607704639435,
      1.0348785878717899,
      0.593384797796607,
      0.76719218313694,
      1.8399975422024726,
      0.6545929946005344,
      0.657163743674755,
      0.7133273087441921,
      0.978395042642951,
      0.6660551314800978
    ],
    "val_acc": [
      0.40833594484487623,
      0.5863365716076465,
      0.804763397054215,
      0.6126606079598872,
      0.8204324663115011,
      0.8207458476966468,
      0.7853337511751802,
      0.7637104356001253,
      0.7264180507677844,
      0.799122532121592,
      0.7994359135067377,
      0.8367282983390787,
      0.7966154810404262,
      0.6994672516452523,
      0.8169852710748982,
      0.8254465684738327,
      0.6678157317455343,
      0.8188655593857724,
      0.8213726104669382,
      0.8006894390473206,
      0.8267000940144156,
      0.7533688498903165,
      0.8201190849263553,
      0.7499216546537135,
      0.8251331870886869,
      0.8361015355687872,
      0.8292071450955814,
      0.8417424005014102,
      0.6982137261046694,
      0.8379818238796616,
      0.8100908806016922,
      0.6979003447195237,
      0.8404888749608274,
      0.8147916013788781,
      0.739266687558759,
      0.8232528987778126,
      0.8185521780006267,
      0.8075838295205264,
      0.8310874334064556,
      0.8094641178314008,
      0.840802256345973,
      0.8276402381698527,
      0.8028831087433407,
      0.840802256345973,
      0.7784393607019743,
      0.7749921654653713,
      0.8382952052648073,
      0.8317141961767471,
      0.8354747727984958,
      0.8314008147916013
    ]
  },
  "config": {
    "batch_size": 32,
    "lr_pretrain": 0.001,
    "lr_finetune": 0.0005,
    "pretrain_epochs": 30,
    "finetune_epochs": 50,
    "n_patches": 21275,
    "n_bands": 9,
    "n_aux_features": 20,
    "model_params": 328070,
    "device": "cuda"
  },
  "total_time_minutes": 24.7
}